product_name,product_price,product_rating,product_sales,product_id
910 Nineten Haze Fuzz Lite Sepatu Lari Putih Hijau Biru,645905,5,343,29653201231
910 Nineten Haze Fuzz Lite Sepatu Lari Hitam Ungu Biru,645905,5,386,29653199814
910 Nineten Kishi Run Flow Sepatu Lari Putih Biru Merah muda,749900,5,353,27659612421
910 Nineten Haze Fuzz Lite Sepatu Lari Hijau Orange Kuning,645905,5,324,
910Nineten TAKASHI RUN ELITE sepatu lari HITAM HIJAU NEON,645905,5,137,25520925247
910Nineten TAKASHI RUN ELITE sepatu lari Hijau Turqoise Navy Lime,645905,5,231,27665748404
910Nineten HAZE FLOW sepatu lari ungu biru hitam,999900,5,164,28068461175
910Nineten HAZE FLOW sepatu lari HITAM HIJAU BIRU,999900,5,58,44400264006
910 Nineten Kishi Run Flow Sepatu Lari Ungu Merah kuning,749900,5,194,24735445208
910nineten HAZE METAMOZAIC sepatu lari Biru Muda Abu Abu Merah,699900,5,244,25316145291
910Nineten TAKASHI RUN ELITE sepatu lari PUTIH BIRU NV MERAH,679900,5,623,25770930315
910 Nineten Haze Tempo Sepatu Lari Biru Merah Kuning,664905,5,367,22488766908
910 Nineten Geist Ekiden Pro Sepatu Lari Putih Biru HIjau Neon,1499900,5,70,25289675427
910 Nineten Haze Infinity Sprint Sepatu Lari Putih Biru Pink,529900,5,65,26670973620
910 Nineten Geist Ekiden Pro Sepatu Lari Orange Hijau Mint Hijau Neon,1499900,5,124,27271302643
910Nineten HAZE STRIKE X Sepatu Lari DARK NAVY JINGGA PUTIH GADING,999900,4,37,25490600442
910 Nineten Haze Tempo Sepatu Lari Olive Kuning Tembaga,699900,5,445,24856280852
910 Nineten Haze Infinity Sprint Sepatu Lari Magenta Ungu Lime,529900,5,94,29470973219
910Nineten HAZE FLOW sepatu lari HITAM TEAL KUNING,999900,5,177,26570972991
910 Nineten Haze Tempo Sepatu Lari Putih biru Merah Lime,699900,5,714,25204434206
910 Nineten Haze Pro Sepatu Lari Hitam Abu abu,1499999,5,77,24035876900
910 Nineten Haze Infinity Sprint Sepatu Lari Hijau Lime Hitam Merah,529900,5,52,27820973256
910 Nineten Kishi Run FLow Sepatu Lari Hitam Jingga Merah,749900,5,239,26509607365
910Nineten HAZE STRIKE X Sepatu Lari DARK GREY HIJAU PUTIH GADING,999900,5,16,27773856182
910 Nineten Geist Ekiden Sepatu Running Hitam Hitam,479900,5,1100,22919603293
910 Nineten Geist Ekiden Sepatu Lari Hitam Putih,479900,5,338,19271656334
910 Nineten Ultra Ekiden 1.0 Sepatu Lari Hitam Abu Abu,579900,5,169,29026395968
910 Nineten AURORUN Sepatu Lari HITAM BIRU UNGU,599900,5,626,
910 Nineten Fuuto Revenge Sepatu Lari Triple Black,522405,5,949,26106850698
910 Nineten Aurorun Stride Sepatu Lari Hitam Biru Navy,729900,5,48,42306030986
910 Nineten Aurorun Stride Sepatu Lari Hitam Abu Tua,729900,5,24,41356035190
910 Nineten Fuuto Revenge Sepatu Lari Putih Abu Muda Turquoise,522405,5,686,27306848726
910 Nineten Haze Infiknit 1.0 Sepatu Lari Hitam Abu,479900,5,853,25332970930
910 Nineten EKIDEN HYPERPULSE sepatu lari Putih Biry Hijau Neon,679900,5,579,23188155686
910 Nineten Kanzaki 1.0 Sepatu Lari Putih Biru Hijau Lime,559900,5,1300,21571572350
910 Nineten Kanzaki 2.0 Sepatu Lari Ungu Navy Neon,579900,5,64,44354576166
910 Nineten Ultra Ekiden 1.0 Sepatu Lari Hitam irish Hijau neon Biru muda,549900,5,1500,23722869496
910 Nineten Fuuto Revenge Womens Sepatu Lari Biru Turquoise,522405,5,188,29510009219
910 Nineten Kanzaki 2.0 Sepatu Lari Hitam Ungu Magenta,579900,5,536,25732000108
910 Nineten Kanzaki 2.0 Sepatu Lari Merah Coral Kuning Off white,579900,5,79,42054571273
910 Nineten Aurorun Sepatu Lari Navy Ungu Biru,599900,5,1700,22339951760
910 Nineten Kenzo Run Sepatu Lari Biru Merah Putih,529900,5,1400,20670027211
910 Nineten Ultra Ekiden 1.0 Sepatu Lari Putih Biru muda,579900,5,70,29276386940
910 Nineten Hanna 2.0 Sepatu Lari Biru Hijau Neon,579900,5,119,28156576865
910 Nineten Hanna 2.0 Sepatu Lari Merah Biru Navy Soft pink,579900,5,171,29806574776
910 Nineten HANNA 1.0 Sepatu Lari Merah Muda Biru Navy Putih,549000,5,241,
910 Nineten Hanna 2.0 Sepatu Lari Merah Burgundy Coklat,550905,5,143,27756577747
910 Nineten Ekiden Hyperion Sepatu Lari Magenta Orange,549900,5,119,26505545956
910 Nineten Geist Ekiden Glide Sepatu Lari Hitam Merah Biru muda,579900,5,222,23088601843
910 Nineten EKIDEN HYPERPULSE sepatu lari Putih Biry Hijau Neon,679900,5,579,23188155686
910 Nineten Reishika Bolster Sepatu Lari Abu Tosca Putih,599900,5,942,22346877436
910 Nineten Hiroshi RN Lite Sepatu Lari Abu Merah Putih,679900,5,166,27200093795
910 Nineten GEIST EKIDEN HYPERPULSE Hitam Abu Tua,679900,5,470,24537422584
910 Nineten Hiroshi RN Lite Sepatu Lari Hitam Hijau Neon,679900,5,417,29400098684
910 Nineten Takashi Run 1.5 Sepatu Lari Hijau Orange Hijau tosca,679900,5,358,22382982788
910 Nineten Takashi Run 1.5 Sepatu Lari Hitam Putih Hijau,679900,5,406,22257163756
910 Nineten Kishi Run 2.0 Sepatu Lari Bluebird Blue Radiance Nectarine,679900,5,386,
910 Nineten Kishi Run 2.0 Sepatu Lari Black Sulphur Spring Egret Charcoal,679900,5,430,24560402793
910 Nineten EKIDEN HYPERPULSE BIRU MD MERAH HITAM,679000,5,226,18095773433
910 Nineten Hiroshi RN Lite Sepatu Lari Hijau neon Putih Biru,679900,5,140,27900094035
910 Nineten Hiroshi RN Lite Sepatu Lari Merah Putih Biru,679900,5,185,28950094524
910 Nineten Irezumi Hover Sepatu Lari Hijau teal Hijau neon Putih,699900,5,130,16298235394
910 Nineten Irezumi Hover Sepatu Lari Biru tua Putih Merah,699900,5,316,23774830756
